{
  "sensores": [
    {
      "id": "1",
      "tipo": "Som",
      "horario_1": {
        "ligado_horario": "08:00",
        "desligado_horario": "18:00"
      },
      "horario_2": {
        "ligado_horario": "08:00",
        "desligado_horario": "18:00"
      },
      "horario_3": {
        "ligado_horario": "08:00",
        "desligado_horario": "18:00"
      },
      "estado_atual": "ligado"
    },
    {
      "id": "2",
      "tipo": "Luminosidade",
      "horario_1": {
        "ligado_horario": "08:00",
        "desligado_horario": "18:00"
      },
      "horario_2": {
        "ligado_horario": "08:00",
        "desligado_horario": "18:00"
      },
      "horario_3": {
        "ligado_horario": "08:00",
        "desligado_horario": "18:00"
      },
      "estado_atual": "ligado"
    },
    {
      "id": "3",
      "tipo": "Temperatura",
      "horario_1": {
        "ligado_horario": "08:00",
        "desligado_horario": "18:00"
      },
      "horario_2": {
        "ligado_horario": "08:00",
        "desligado_horario": "18:00"
      },
      "horario_3": {
        "ligado_horario": "08:00",
        "desligado_horario": "18:00"
      },
      "estado_atual": "ligado"
    },
    {
      "id": "4",
      "tipo": "Umidade",
      "horario_1": {
        "ligado_horario": "08:00",
        "desligado_horario": "18:00"
      },
      "horario_2": {
        "ligado_horario": "08:00",
        "desligado_horario": "18:00"
      },
      "horario_3": {
        "ligado_horario": "08:00",
        "desligado_horario": "18:00"
      },
      "estado_atual": "ligado"
    }
  ],
  "atuadores": [
    {
      "id" : "1",
      "tipo": "ventilador de ar",
      "horario_1": {
        "ligado_horario": "08:00",
        "desligado_horario": "18:00"
      },
      "horario_2": {
        "ligado_horario": "08:00",
        "desligado_horario": "18:00"
      },
      "horario_3": {
        "ligado_horario": "08:00",
        "desligado_horario": "18:00"
      },
      "estado_atual": "ligado"

    },
    {
      "id" : "2",
      "tipo": "ventilador de teto",
      "horario_1": {
        "ligado_horario": "08:00",
        "desligado_horario": "18:00"
      },
      "horario_2": {
        "ligado_horario": "08:00",
        "desligado_horario": "18:00"
      },
      "horario_3": {
        "ligado_horario": "08:00",
        "desligado_horario": "18:00"
      },
      "estado_atual": "desligado"

    },
    {
      "id" : "3",
      "tipo": "lâmpada",
      "horario_1": {
        "ligado_horario": "08:00",
        "desligado_horario": "18:00"
      },
      "horario_2": {
        "ligado_horario": "08:00",
        "desligado_horario": "18:00"
      },
      "horario_3": {
        "ligado_horario": "08:00",
        "desligado_horario": "18:00"
      },
      "estado_atual": "ligado"

    }
  ]
}
