{
  "sensores": [
      {"id": 1, "tipo": "temperature", "valor": 25.5, "unidade": "Celsius", "estado": "ligado"},
      {"id": 2, "tipo": "luz", "valor": 25.5, "unidade": "Celsius", "estado": "desligado"},
      {"id": 3, "tipo": "umidade", "valor": 25.5, "unidade": "Celsius", "estado": "ligado"},
      {"id": 4, "tipo": "Fumo", "valor": 25.5, "unidade": "Celsius", "estado": "desligado"},
      {"id": 5, "tipo": "qualidade de ar", "valor": 25.5, "unidade": "Celsius", "estado": "ligado"},
      {"id": 6, "tipo": "movimento", "valor": 25.5, "unidade": "Celsius", "estado": "desligado"}
  ],
  "atuadores": [
      {"id": 1, "tipo": "ventilador de ar", "estado": "ligado"},
      {"id": 2, "tipo": "alarme", "estado": "desligado"},
      {"id": 3, "tipo": "chuveiro de teto", "estado": "ligado"},
      {"id": 4, "tipo": "LED regulável", "estado": "ligado"},
      {"id": 5, "tipo": "chuveiro de piso", "estado": "desligado"},
      {"id": 6, "tipo": "LED", "estado": "desligado"}
  ]
}
